Date,SiteName,LocationName,WeekDay,Year,Month,NorthboundCount,SouthboundCount,TotalCount
07/11/2024 10:00,York,Blake Street,Thursday,2024,November,512,779,1291
07/11/2024 10:00,York,Goodramgate,Thursday,2024,November,436,537,973
07/11/2024 10:00,York,Davygate,Thursday,2024,November,662,646,1308
07/11/2024 11:00,York,Blake Street,Thursday,2024,November,758,870,1628
07/11/2024 11:00,York,Goodramgate,Thursday,2024,November,606,738,1344
07/11/2024 11:00,York,Davygate,Thursday,2024,November,877,921,1798
07/11/2024 12:00,York,Blake Street,Thursday,2024,November,901,1028,1929
07/11/2024 12:00,York,Goodramgate,Thursday,2024,November,826,973,1799
07/11/2024 12:00,York,Davygate,Thursday,2024,November,1175,1145,2320
07/11/2024 13:00,York,Blake Street,Thursday,2024,November,1122,1012,2134
07/11/2024 13:00,York,Goodramgate,Thursday,2024,November,809,964,1773
07/11/2024 13:00,York,Davygate,Thursday,2024,November,1242,1173,2415
07/11/2024 14:00,York,Blake Street,Thursday,2024,November,865,810,1675
07/11/2024 14:00,York,Goodramgate,Thursday,2024,November,795,836,1631
07/11/2024 14:00,York,Davygate,Thursday,2024,November,1079,1091,2170
07/11/2024 15:00,York,Blake Street,Thursday,2024,November,885,736,1621
07/11/2024 15:00,York,Goodramgate,Thursday,2024,November,709,733,1442
07/11/2024 15:00,York,Davygate,Thursday,2024,November,1077,1079,2156
07/11/2024 16:00,York,Blake Street,Thursday,2024,November,766,763,1529
07/11/2024 16:00,York,Goodramgate,Thursday,2024,November,620,610,1230
07/11/2024 16:00,York,Davygate,Thursday,2024,November,1073,791,1864
07/11/2024 17:00,York,Blake Street,Thursday,2024,November,745,609,1354
07/11/2024 17:00,York,Goodramgate,Thursday,2024,November,483,441,924
07/11/2024 17:00,York,Davygate,Thursday,2024,November,825,577,1402
07/11/2024 18:00,York,Blake Street,Thursday,2024,November,767,506,1273
07/11/2024 18:00,York,Goodramgate,Thursday,2024,November,307,407,714
07/11/2024 18:00,York,Davygate,Thursday,2024,November,597,401,998
07/11/2024 19:00,York,Blake Street,Thursday,2024,November,417,337,754
07/11/2024 19:00,York,Goodramgate,Thursday,2024,November,222,241,463
07/11/2024 19:00,York,Davygate,Thursday,2024,November,382,314,696
07/11/2024 20:00,York,Blake Street,Thursday,2024,November,243,271,514
07/11/2024 20:00,York,Goodramgate,Thursday,2024,November,270,211,481
07/11/2024 20:00,York,Davygate,Thursday,2024,November,294,258,552
07/11/2024 21:00,York,Blake Street,Thursday,2024,November,259,224,483
07/11/2024 21:00,York,Goodramgate,Thursday,2024,November,228,146,374
07/11/2024 21:00,York,Davygate,Thursday,2024,November,224,276,500
08/11/2024 10:00,York,Blake Street,Friday,2024,November,636,623,1259
08/11/2024 10:00,York,Goodramgate,Friday,2024,November,493,525,1018
08/11/2024 10:00,York,Davygate,Friday,2024,November,443,616,1059
08/11/2024 11:00,York,Blake Street,Friday,2024,November,744,1023,1767
08/11/2024 11:00,York,Goodramgate,Friday,2024,November,664,669,1333
08/11/2024 11:00,York,Davygate,Friday,2024,November,703,680,1383
08/11/2024 12:00,York,Blake Street,Friday,2024,November,1013,1035,2048
08/11/2024 12:00,York,Goodramgate,Friday,2024,November,824,836,1660
08/11/2024 12:00,York,Davygate,Friday,2024,November,890,929,1819
08/11/2024 13:00,York,Blake Street,Friday,2024,November,1142,1088,2230
08/11/2024 13:00,York,Goodramgate,Friday,2024,November,836,1065,1901
08/11/2024 13:00,York,Davygate,Friday,2024,November,1245,1231,2476
08/11/2024 14:00,York,Blake Street,Friday,2024,November,996,913,1909
08/11/2024 14:00,York,Goodramgate,Friday,2024,November,730,853,1583
08/11/2024 14:00,York,Davygate,Friday,2024,November,1015,1254,2269
08/11/2024 15:00,York,Blake Street,Friday,2024,November,952,887,1839
08/11/2024 15:00,York,Goodramgate,Friday,2024,November,875,785,1660
08/11/2024 15:00,York,Davygate,Friday,2024,November,1148,1324,2472
08/11/2024 16:00,York,Blake Street,Friday,2024,November,942,782,1724
08/11/2024 16:00,York,Goodramgate,Friday,2024,November,727,757,1484
08/11/2024 16:00,York,Davygate,Friday,2024,November,1050,970,2020
08/11/2024 17:00,York,Blake Street,Friday,2024,November,836,703,1539
08/11/2024 17:00,York,Goodramgate,Friday,2024,November,523,562,1085
08/11/2024 17:00,York,Davygate,Friday,2024,November,1040,473,1513
08/11/2024 18:00,York,Blake Street,Friday,2024,November,637,355,992
08/11/2024 18:00,York,Goodramgate,Friday,2024,November,397,222,619
08/11/2024 18:00,York,Davygate,Friday,2024,November,931,350,1281
08/11/2024 19:00,York,Blake Street,Friday,2024,November,329,240,569
08/11/2024 19:00,York,Goodramgate,Friday,2024,November,240,302,542
08/11/2024 19:00,York,Davygate,Friday,2024,November,459,240,699
08/11/2024 20:00,York,Blake Street,Friday,2024,November,251,217,468
08/11/2024 20:00,York,Goodramgate,Friday,2024,November,192,212,404
08/11/2024 20:00,York,Davygate,Friday,2024,November,310,208,518
08/11/2024 21:00,York,Blake Street,Friday,2024,November,175,144,319
08/11/2024 21:00,York,Goodramgate,Friday,2024,November,224,181,405
08/11/2024 21:00,York,Davygate,Friday,2024,November,243,287,530
09/11/2024 10:00,York,Blake Street,Saturday,2024,November,753,1077,1830
09/11/2024 10:00,York,Goodramgate,Saturday,2024,November,582,661,1243
09/11/2024 10:00,York,Davygate,Saturday,2024,November,899,1179,2078
09/11/2024 11:00,York,Blake Street,Saturday,2024,November,1086,1406,2492
09/11/2024 11:00,York,Goodramgate,Saturday,2024,November,1175,981,2156
09/11/2024 11:00,York,Davygate,Saturday,2024,November,1221,1910,3131
09/11/2024 12:00,York,Blake Street,Saturday,2024,November,1541,1646,3187
09/11/2024 12:00,York,Goodramgate,Saturday,2024,November,1370,1424,2794
09/11/2024 12:00,York,Davygate,Saturday,2024,November,1998,2593,4591
09/11/2024 13:00,York,Blake Street,Saturday,2024,November,1872,1906,3778
09/11/2024 13:00,York,Goodramgate,Saturday,2024,November,1427,1557,2984
09/11/2024 13:00,York,Davygate,Saturday,2024,November,2602,3454,6056
09/11/2024 14:00,York,Blake Street,Saturday,2024,November,1975,1843,3818
09/11/2024 14:00,York,Goodramgate,Saturday,2024,November,1570,1705,3275
09/11/2024 14:00,York,Davygate,Saturday,2024,November,2486,3459,5945
09/11/2024 15:00,York,Blake Street,Saturday,2024,November,1692,1646,3338
09/11/2024 15:00,York,Goodramgate,Saturday,2024,November,1438,1711,3149
09/11/2024 15:00,York,Davygate,Saturday,2024,November,2280,3360,5640
09/11/2024 16:00,York,Blake Street,Saturday,2024,November,1515,1192,2707
09/11/2024 16:00,York,Goodramgate,Saturday,2024,November,1192,1279,2471
09/11/2024 16:00,York,Davygate,Saturday,2024,November,2004,2594,4598
09/11/2024 17:00,York,Blake Street,Saturday,2024,November,1403,1098,2501
09/11/2024 17:00,York,Goodramgate,Saturday,2024,November,1403,1280,2683
09/11/2024 17:00,York,Davygate,Saturday,2024,November,1544,2056,3600
09/11/2024 18:00,York,Blake Street,Saturday,2024,November,823,570,1393
09/11/2024 18:00,York,Goodramgate,Saturday,2024,November,624,898,1522
09/11/2024 18:00,York,Davygate,Saturday,2024,November,1283,1584,2867
09/11/2024 19:00,York,Blake Street,Saturday,2024,November,663,632,1295
09/11/2024 19:00,York,Goodramgate,Saturday,2024,November,395,666,1061
09/11/2024 19:00,York,Davygate,Saturday,2024,November,180,1151,1331
09/11/2024 20:00,York,Blake Street,Saturday,2024,November,608,511,1119
09/11/2024 20:00,York,Goodramgate,Saturday,2024,November,318,109,427
09/11/2024 20:00,York,Davygate,Saturday,2024,November,661,919,1580
09/11/2024 21:00,York,Blake Street,Saturday,2024,November,389,502,891
09/11/2024 21:00,York,Goodramgate,Saturday,2024,November,343,488,831
09/11/2024 21:00,York,Davygate,Saturday,2024,November,379,736,1115
10/11/2024 10:00,York,Blake Street,Sunday,2024,November,988,732,1720
10/11/2024 10:00,York,Goodramgate,Sunday,2024,November,410,593,1003
10/11/2024 10:00,York,Davygate,Sunday,2024,November,464,1096,1560
10/11/2024 11:00,York,Blake Street,Sunday,2024,November,941,1123,2064
10/11/2024 11:00,York,Goodramgate,Sunday,2024,November,799,1020,1819
10/11/2024 11:00,York,Davygate,Sunday,2024,November,1158,1280,2438
10/11/2024 12:00,York,Blake Street,Sunday,2024,November,1439,874,2313
10/11/2024 12:00,York,Goodramgate,Sunday,2024,November,1127,1379,2506
10/11/2024 12:00,York,Davygate,Sunday,2024,November,1611,1394,3005
10/11/2024 13:00,York,Blake Street,Sunday,2024,November,1244,1097,2341
10/11/2024 13:00,York,Goodramgate,Sunday,2024,November,1131,1394,2525
10/11/2024 13:00,York,Davygate,Sunday,2024,November,915,1666,2581
10/11/2024 14:00,York,Blake Street,Sunday,2024,November,1309,1024,2333
10/11/2024 14:00,York,Goodramgate,Sunday,2024,November,985,1234,2219
10/11/2024 14:00,York,Davygate,Sunday,2024,November,1055,1799,2854
10/11/2024 15:00,York,Blake Street,Sunday,2024,November,1470,824,2294
10/11/2024 15:00,York,Goodramgate,Sunday,2024,November,867,991,1858
10/11/2024 15:00,York,Davygate,Sunday,2024,November,1110,1798,2908
10/11/2024 16:00,York,Blake Street,Sunday,2024,November,1071,521,1592
10/11/2024 16:00,York,Goodramgate,Sunday,2024,November,561,591,1152
10/11/2024 16:00,York,Davygate,Sunday,2024,November,853,1004,1857
10/11/2024 17:00,York,Blake Street,Sunday,2024,November,548,390,938
10/11/2024 17:00,York,Goodramgate,Sunday,2024,November,426,315,741
10/11/2024 17:00,York,Davygate,Sunday,2024,November,486,416,902
10/11/2024 18:00,York,Blake Street,Sunday,2024,November,428,322,750
10/11/2024 18:00,York,Goodramgate,Sunday,2024,November,201,272,473
10/11/2024 18:00,York,Davygate,Sunday,2024,November,337,322,659
10/11/2024 19:00,York,Blake Street,Sunday,2024,November,321,285,606
10/11/2024 19:00,York,Goodramgate,Sunday,2024,November,235,245,480
10/11/2024 19:00,York,Davygate,Sunday,2024,November,254,217,471
10/11/2024 20:00,York,Blake Street,Sunday,2024,November,258,119,377
10/11/2024 20:00,York,Goodramgate,Sunday,2024,November,212,235,447
10/11/2024 20:00,York,Davygate,Sunday,2024,November,270,198,468
10/11/2024 21:00,York,Blake Street,Sunday,2024,November,167,105,272
10/11/2024 21:00,York,Goodramgate,Sunday,2024,November,128,154,282
10/11/2024 21:00,York,Davygate,Sunday,2024,November,175,221,396
11/11/2024 10:00,York,Blake Street,Monday,2024,November,432,581,1013
11/11/2024 10:00,York,Goodramgate,Monday,2024,November,457,506,963
11/11/2024 10:00,York,Davygate,Monday,2024,November,406,516,922
11/11/2024 11:00,York,Blake Street,Monday,2024,November,582,845,1427
11/11/2024 11:00,York,Goodramgate,Monday,2024,November,635,703,1338
11/11/2024 11:00,York,Davygate,Monday,2024,November,602,901,1503
11/11/2024 12:00,York,Blake Street,Monday,2024,November,774,885,1659
11/11/2024 12:00,York,Goodramgate,Monday,2024,November,790,873,1663
11/11/2024 12:00,York,Davygate,Monday,2024,November,780,1142,1922
11/11/2024 13:00,York,Blake Street,Monday,2024,November,737,826,1563
11/11/2024 13:00,York,Goodramgate,Monday,2024,November,848,998,1846
11/11/2024 13:00,York,Davygate,Monday,2024,November,832,1179,2011
11/11/2024 14:00,York,Blake Street,Monday,2024,November,710,862,1572
11/11/2024 14:00,York,Goodramgate,Monday,2024,November,762,936,1698
11/11/2024 14:00,York,Davygate,Monday,2024,November,821,1042,1863
11/11/2024 15:00,York,Blake Street,Monday,2024,November,866,800,1666
11/11/2024 15:00,York,Goodramgate,Monday,2024,November,854,893,1747
11/11/2024 15:00,York,Davygate,Monday,2024,November,912,1164,2076
11/11/2024 16:00,York,Blake Street,Monday,2024,November,808,618,1426
11/11/2024 16:00,York,Goodramgate,Monday,2024,November,589,618,1207
11/11/2024 16:00,York,Davygate,Monday,2024,November,1039,898,1937
11/11/2024 17:00,York,Blake Street,Monday,2024,November,467,447,914
11/11/2024 17:00,York,Goodramgate,Monday,2024,November,458,396,854
11/11/2024 17:00,York,Davygate,Monday,2024,November,717,648,1365
11/11/2024 18:00,York,Blake Street,Monday,2024,November,283,254,537
11/11/2024 18:00,York,Goodramgate,Monday,2024,November,255,278,533
11/11/2024 18:00,York,Davygate,Monday,2024,November,414,394,808
11/11/2024 19:00,York,Blake Street,Monday,2024,November,214,170,384
11/11/2024 19:00,York,Goodramgate,Monday,2024,November,187,132,319
11/11/2024 19:00,York,Davygate,Monday,2024,November,273,276,549
11/11/2024 20:00,York,Blake Street,Monday,2024,November,177,187,364
11/11/2024 20:00,York,Goodramgate,Monday,2024,November,180,111,291
11/11/2024 20:00,York,Davygate,Monday,2024,November,262,261,523
11/11/2024 21:00,York,Blake Street,Monday,2024,November,158,138,296
11/11/2024 21:00,York,Goodramgate,Monday,2024,November,71,59,130
11/11/2024 21:00,York,Davygate,Monday,2024,November,216,130,346
12/11/2024 10:00,York,Blake Street,Tuesday,2024,November,228,594,822
12/11/2024 10:00,York,Goodramgate,Tuesday,2024,November,554,648,1202
12/11/2024 10:00,York,Davygate,Tuesday,2024,November,337,683,1020
12/11/2024 11:00,York,Blake Street,Tuesday,2024,November,493,796,1289
12/11/2024 11:00,York,Goodramgate,Tuesday,2024,November,717,885,1602
12/11/2024 11:00,York,Davygate,Tuesday,2024,November,695,1021,1716
12/11/2024 12:00,York,Blake Street,Tuesday,2024,November,243,773,1016
12/11/2024 12:00,York,Goodramgate,Tuesday,2024,November,698,1162,1860
12/11/2024 12:00,York,Davygate,Tuesday,2024,November,989,1186,2175
12/11/2024 13:00,York,Blake Street,Tuesday,2024,November,905,808,1713
12/11/2024 13:00,York,Goodramgate,Tuesday,2024,November,606,793,1399
12/11/2024 13:00,York,Davygate,Tuesday,2024,November,1128,1333,2461
12/11/2024 14:00,York,Blake Street,Tuesday,2024,November,740,657,1397
12/11/2024 14:00,York,Goodramgate,Tuesday,2024,November,624,630,1254
12/11/2024 14:00,York,Davygate,Tuesday,2024,November,1065,1323,2388
12/11/2024 15:00,York,Blake Street,Tuesday,2024,November,768,671,1439
12/11/2024 15:00,York,Goodramgate,Tuesday,2024,November,590,757,1347
12/11/2024 15:00,York,Davygate,Tuesday,2024,November,992,1170,2162
12/11/2024 16:00,York,Blake Street,Tuesday,2024,November,733,535,1268
12/11/2024 16:00,York,Goodramgate,Tuesday,2024,November,583,637,1220
12/11/2024 16:00,York,Davygate,Tuesday,2024,November,942,954,1896
12/11/2024 17:00,York,Blake Street,Tuesday,2024,November,507,300,807
12/11/2024 17:00,York,Goodramgate,Tuesday,2024,November,486,386,872
12/11/2024 17:00,York,Davygate,Tuesday,2024,November,919,711,1630
12/11/2024 18:00,York,Blake Street,Tuesday,2024,November,506,376,882
12/11/2024 18:00,York,Goodramgate,Tuesday,2024,November,361,247,608
12/11/2024 18:00,York,Davygate,Tuesday,2024,November,858,508,1366
12/11/2024 19:00,York,Blake Street,Tuesday,2024,November,362,248,610
12/11/2024 19:00,York,Goodramgate,Tuesday,2024,November,298,214,512
12/11/2024 19:00,York,Davygate,Tuesday,2024,November,723,319,1042
12/11/2024 20:00,York,Blake Street,Tuesday,2024,November,313,188,501
12/11/2024 20:00,York,Goodramgate,Tuesday,2024,November,210,179,389
12/11/2024 20:00,York,Davygate,Tuesday,2024,November,262,274,536
12/11/2024 21:00,York,Blake Street,Tuesday,2024,November,268,138,406
12/11/2024 21:00,York,Goodramgate,Tuesday,2024,November,95,118,213
12/11/2024 21:00,York,Davygate,Tuesday,2024,November,225,544,769
13/11/2024 10:00,York,Blake Street,Wednesday,2024,November,327,953,1280
13/11/2024 10:00,York,Goodramgate,Wednesday,2024,November,441,672,1113
13/11/2024 10:00,York,Davygate,Wednesday,2024,November,392,722,1114
13/11/2024 11:00,York,Blake Street,Wednesday,2024,November,570,827,1397
13/11/2024 11:00,York,Goodramgate,Wednesday,2024,November,658,893,1551
13/11/2024 11:00,York,Davygate,Wednesday,2024,November,682,1206,1888
13/11/2024 12:00,York,Blake Street,Wednesday,2024,November,716,1072,1788
13/11/2024 12:00,York,Goodramgate,Wednesday,2024,November,795,1130,1925
13/11/2024 12:00,York,Davygate,Wednesday,2024,November,695,1270,1965
13/11/2024 13:00,York,Blake Street,Wednesday,2024,November,745,800,1545
13/11/2024 13:00,York,Goodramgate,Wednesday,2024,November,884,927,1811
13/11/2024 13:00,York,Davygate,Wednesday,2024,November,664,1088,1752
13/11/2024 14:00,York,Blake Street,Wednesday,2024,November,754,727,1481
13/11/2024 14:00,York,Goodramgate,Wednesday,2024,November,871,929,1800
13/11/2024 14:00,York,Davygate,Wednesday,2024,November,688,932,1620
13/11/2024 15:00,York,Blake Street,Wednesday,2024,November,757,670,1427
13/11/2024 15:00,York,Goodramgate,Wednesday,2024,November,870,848,1718
13/11/2024 15:00,York,Davygate,Wednesday,2024,November,622,739,1361
13/11/2024 16:00,York,Blake Street,Wednesday,2024,November,761,666,1427
13/11/2024 16:00,York,Goodramgate,Wednesday,2024,November,697,630,1327
13/11/2024 16:00,York,Davygate,Wednesday,2024,November,375,363,738
13/11/2024 17:00,York,Blake Street,Wednesday,2024,November,708,459,1167
13/11/2024 17:00,York,Goodramgate,Wednesday,2024,November,496,478,974
13/11/2024 17:00,York,Davygate,Wednesday,2024,November,382,371,753
13/11/2024 18:00,York,Blake Street,Wednesday,2024,November,525,362,887
13/11/2024 18:00,York,Goodramgate,Wednesday,2024,November,397,365,762
13/11/2024 18:00,York,Davygate,Wednesday,2024,November,366,392,758
13/11/2024 19:00,York,Blake Street,Wednesday,2024,November,276,276,552
13/11/2024 19:00,York,Goodramgate,Wednesday,2024,November,293,262,555
13/11/2024 19:00,York,Davygate,Wednesday,2024,November,319,346,665
13/11/2024 20:00,York,Blake Street,Wednesday,2024,November,271,244,515
13/11/2024 20:00,York,Goodramgate,Wednesday,2024,November,295,216,511
13/11/2024 20:00,York,Davygate,Wednesday,2024,November,303,237,540
13/11/2024 21:00,York,Blake Street,Wednesday,2024,November,294,242,536
13/11/2024 21:00,York,Goodramgate,Wednesday,2024,November,229,159,388
13/11/2024 21:00,York,Davygate,Wednesday,2024,November,305,293,598
14/11/2024 10:00,York,Blake Street,Thursday,2024,November,528,1151,1679
14/11/2024 10:00,York,Goodramgate,Thursday,2024,November,458,543,1001
14/11/2024 10:00,York,Davygate,Thursday,2024,November,451,975,1426
14/11/2024 11:00,York,Blake Street,Thursday,2024,November,808,1204,2012
14/11/2024 11:00,York,Goodramgate,Thursday,2024,November,705,897,1602
14/11/2024 11:00,York,Davygate,Thursday,2024,November,897,1732,2629
14/11/2024 12:00,York,Blake Street,Thursday,2024,November,1071,1179,2250
14/11/2024 12:00,York,Goodramgate,Thursday,2024,November,905,1150,2055
14/11/2024 12:00,York,Davygate,Thursday,2024,November,1442,1703,3145
14/11/2024 13:00,York,Blake Street,Thursday,2024,November,1042,1032,2074
14/11/2024 13:00,York,Goodramgate,Thursday,2024,November,886,1076,1962
14/11/2024 13:00,York,Davygate,Thursday,2024,November,1622,1874,3496
14/11/2024 14:00,York,Blake Street,Thursday,2024,November,1045,981,2026
14/11/2024 14:00,York,Goodramgate,Thursday,2024,November,915,828,1743
14/11/2024 14:00,York,Davygate,Thursday,2024,November,1461,1491,2952
14/11/2024 15:00,York,Blake Street,Thursday,2024,November,953,1007,1960
14/11/2024 15:00,York,Goodramgate,Thursday,2024,November,790,1005,1795
14/11/2024 15:00,York,Davygate,Thursday,2024,November,1413,297,1710
14/11/2024 16:00,York,Blake Street,Thursday,2024,November,891,844,1735
14/11/2024 16:00,York,Goodramgate,Thursday,2024,November,733,720,1453
14/11/2024 16:00,York,Davygate,Thursday,2024,November,1092,957,2049
14/11/2024 17:00,York,Blake Street,Thursday,2024,November,780,738,1518
14/11/2024 17:00,York,Goodramgate,Thursday,2024,November,642,627,1269
14/11/2024 17:00,York,Davygate,Thursday,2024,November,825,662,1487
14/11/2024 18:00,York,Blake Street,Thursday,2024,November,685,536,1221
14/11/2024 18:00,York,Goodramgate,Thursday,2024,November,530,493,1023
14/11/2024 18:00,York,Davygate,Thursday,2024,November,597,401,998
14/11/2024 19:00,York,Blake Street,Thursday,2024,November,449,365,814
14/11/2024 19:00,York,Goodramgate,Thursday,2024,November,451,361,812
14/11/2024 19:00,York,Davygate,Thursday,2024,November,382,314,696
14/11/2024 20:00,York,Blake Street,Thursday,2024,November,272,305,577
14/11/2024 20:00,York,Goodramgate,Thursday,2024,November,336,201,537
14/11/2024 20:00,York,Davygate,Thursday,2024,November,294,258,552
14/11/2024 21:00,York,Blake Street,Thursday,2024,November,297,249,546
14/11/2024 21:00,York,Goodramgate,Thursday,2024,November,270,233,503
14/11/2024 21:00,York,Davygate,Thursday,2024,November,224,276,500
15/11/2024 10:00,York,Blake Street,Friday,2024,November,526,863,1389
15/11/2024 10:00,York,Goodramgate,Friday,2024,November,487,678,1165
15/11/2024 10:00,York,Davygate,Friday,2024,November,493,621,1114
15/11/2024 11:00,York,Blake Street,Friday,2024,November,804,1122,1926
15/11/2024 11:00,York,Goodramgate,Friday,2024,November,829,987,1816
15/11/2024 11:00,York,Davygate,Friday,2024,November,740,1278,2018
15/11/2024 12:00,York,Blake Street,Friday,2024,November,956,1470,2426
15/11/2024 12:00,York,Goodramgate,Friday,2024,November,1067,1066,2133
15/11/2024 12:00,York,Davygate,Friday,2024,November,1127,1729,2856
15/11/2024 13:00,York,Blake Street,Friday,2024,November,1210,1262,2472
15/11/2024 13:00,York,Goodramgate,Friday,2024,November,1202,1041,2243
15/11/2024 13:00,York,Davygate,Friday,2024,November,1270,1907,3177
15/11/2024 14:00,York,Blake Street,Friday,2024,November,1073,1028,2101
15/11/2024 14:00,York,Goodramgate,Friday,2024,November,1013,1063,2076
15/11/2024 14:00,York,Davygate,Friday,2024,November,1289,1641,2930
15/11/2024 15:00,York,Blake Street,Friday,2024,November,1102,1194,2296
15/11/2024 15:00,York,Goodramgate,Friday,2024,November,983,1123,2106
15/11/2024 15:00,York,Davygate,Friday,2024,November,1286,1349,2635
15/11/2024 16:00,York,Blake Street,Friday,2024,November,1116,1028,2144
15/11/2024 16:00,York,Goodramgate,Friday,2024,November,915,1047,1962
15/11/2024 16:00,York,Davygate,Friday,2024,November,1227,1487,2714
15/11/2024 17:00,York,Blake Street,Friday,2024,November,867,1008,1875
15/11/2024 17:00,York,Goodramgate,Friday,2024,November,812,813,1625
15/11/2024 17:00,York,Davygate,Friday,2024,November,1062,1252,2314
15/11/2024 18:00,York,Blake Street,Friday,2024,November,688,819,1507
15/11/2024 18:00,York,Goodramgate,Friday,2024,November,685,683,1368
15/11/2024 18:00,York,Davygate,Friday,2024,November,1067,977,2044
15/11/2024 19:00,York,Blake Street,Friday,2024,November,667,566,1233
15/11/2024 19:00,York,Goodramgate,Friday,2024,November,600,495,1095
15/11/2024 19:00,York,Davygate,Friday,2024,November,718,624,1342
15/11/2024 20:00,York,Blake Street,Friday,2024,November,603,398,1001
15/11/2024 20:00,York,Goodramgate,Friday,2024,November,460,371,831
15/11/2024 20:00,York,Davygate,Friday,2024,November,332,471,803
15/11/2024 21:00,York,Blake Street,Friday,2024,November,594,205,799
15/11/2024 21:00,York,Goodramgate,Friday,2024,November,420,443,863
15/11/2024 21:00,York,Davygate,Friday,2024,November,253,287,540
16/11/2024 10:00,York,Blake Street,Saturday,2024,November,684,1451,2135
16/11/2024 10:00,York,Goodramgate,Saturday,2024,November,880,1237,2117
16/11/2024 10:00,York,Davygate,Saturday,2024,November,1150,1873,3023
16/11/2024 11:00,York,Blake Street,Saturday,2024,November,1434,2575,4009
16/11/2024 11:00,York,Goodramgate,Saturday,2024,November,1144,1832,2976
16/11/2024 11:00,York,Davygate,Saturday,2024,November,1936,2253,4189
16/11/2024 12:00,York,Blake Street,Saturday,2024,November,1549,2869,4418
16/11/2024 12:00,York,Goodramgate,Saturday,2024,November,1712,2410,4122
16/11/2024 12:00,York,Davygate,Saturday,2024,November,2106,2478,4584
16/11/2024 13:00,York,Blake Street,Saturday,2024,November,1774,3004,4778
16/11/2024 13:00,York,Goodramgate,Saturday,2024,November,2059,2564,4623
16/11/2024 13:00,York,Davygate,Saturday,2024,November,2186,2606,4792
16/11/2024 14:00,York,Blake Street,Saturday,2024,November,1798,2614,4412
16/11/2024 14:00,York,Goodramgate,Saturday,2024,November,2048,2502,4550
16/11/2024 14:00,York,Davygate,Saturday,2024,November,2518,2596,5114
16/11/2024 15:00,York,Blake Street,Saturday,2024,November,1569,2651,4220
16/11/2024 15:00,York,Goodramgate,Saturday,2024,November,1919,2469,4388
16/11/2024 15:00,York,Davygate,Saturday,2024,November,2677,2480,5157
16/11/2024 16:00,York,Blake Street,Saturday,2024,November,1475,2255,3730
16/11/2024 16:00,York,Goodramgate,Saturday,2024,November,1664,2364,4028
16/11/2024 16:00,York,Davygate,Saturday,2024,November,2646,2328,4974
16/11/2024 17:00,York,Blake Street,Saturday,2024,November,1151,1423,2574
16/11/2024 17:00,York,Goodramgate,Saturday,2024,November,1462,1934,3396
16/11/2024 17:00,York,Davygate,Saturday,2024,November,2525,2175,4700
16/11/2024 18:00,York,Blake Street,Saturday,2024,November,746,937,1683
16/11/2024 18:00,York,Goodramgate,Saturday,2024,November,1048,1008,2056
16/11/2024 18:00,York,Davygate,Saturday,2024,November,2335,1814,4149
16/11/2024 19:00,York,Blake Street,Saturday,2024,November,455,703,1158
16/11/2024 19:00,York,Goodramgate,Saturday,2024,November,766,653,1419
16/11/2024 19:00,York,Davygate,Saturday,2024,November,1781,1467,3248
16/11/2024 20:00,York,Blake Street,Saturday,2024,November,321,704,1025
16/11/2024 20:00,York,Goodramgate,Saturday,2024,November,567,558,1125
16/11/2024 20:00,York,Davygate,Saturday,2024,November,935,1180,2115
16/11/2024 21:00,York,Blake Street,Saturday,2024,November,336,352,688
16/11/2024 21:00,York,Goodramgate,Saturday,2024,November,405,407,812
16/11/2024 21:00,York,Davygate,Saturday,2024,November,580,613,1193
17/11/2024 10:00,York,Blake Street,Sunday,2024,November,459,738,1197
17/11/2024 10:00,York,Goodramgate,Sunday,2024,November,338,784,1122
17/11/2024 10:00,York,Davygate,Sunday,2024,November,755,1234,1989
17/11/2024 11:00,York,Blake Street,Sunday,2024,November,1025,1118,2143
17/11/2024 11:00,York,Goodramgate,Sunday,2024,November,680,1259,1939
17/11/2024 11:00,York,Davygate,Sunday,2024,November,1144,1497,2641
17/11/2024 12:00,York,Blake Street,Sunday,2024,November,1831,1368,3199
17/11/2024 12:00,York,Goodramgate,Sunday,2024,November,911,1550,2461
17/11/2024 12:00,York,Davygate,Sunday,2024,November,1261,1469,2730
17/11/2024 13:00,York,Blake Street,Sunday,2024,November,1755,1509,3264
17/11/2024 13:00,York,Goodramgate,Sunday,2024,November,1148,1587,2735
17/11/2024 13:00,York,Davygate,Sunday,2024,November,1302,1483,2785
17/11/2024 14:00,York,Blake Street,Sunday,2024,November,1776,1488,3264
17/11/2024 14:00,York,Goodramgate,Sunday,2024,November,1281,1409,2690
17/11/2024 14:00,York,Davygate,Sunday,2024,November,1309,1442,2751
17/11/2024 15:00,York,Blake Street,Sunday,2024,November,1711,1115,2826
17/11/2024 15:00,York,Goodramgate,Sunday,2024,November,1121,1038,2159
17/11/2024 15:00,York,Davygate,Sunday,2024,November,1102,1298,2400
17/11/2024 16:00,York,Blake Street,Sunday,2024,November,1147,688,1835
17/11/2024 16:00,York,Goodramgate,Sunday,2024,November,781,700,1481
17/11/2024 16:00,York,Davygate,Sunday,2024,November,1103,1101,2204
17/11/2024 17:00,York,Blake Street,Sunday,2024,November,1007,524,1531
17/11/2024 17:00,York,Goodramgate,Sunday,2024,November,651,443,1094
17/11/2024 17:00,York,Davygate,Sunday,2024,November,1279,1012,2291
17/11/2024 18:00,York,Blake Street,Sunday,2024,November,751,345,1096
17/11/2024 18:00,York,Goodramgate,Sunday,2024,November,504,372,876
17/11/2024 18:00,York,Davygate,Sunday,2024,November,1203,755,1958
17/11/2024 19:00,York,Blake Street,Sunday,2024,November,470,341,811
17/11/2024 19:00,York,Goodramgate,Sunday,2024,November,373,241,614
17/11/2024 19:00,York,Davygate,Sunday,2024,November,602,361,963
17/11/2024 20:00,York,Blake Street,Sunday,2024,November,334,348,682
17/11/2024 20:00,York,Goodramgate,Sunday,2024,November,298,202,500
17/11/2024 20:00,York,Davygate,Sunday,2024,November,353,285,638
17/11/2024 21:00,York,Blake Street,Sunday,2024,November,338,222,560
17/11/2024 21:00,York,Goodramgate,Sunday,2024,November,211,176,387
17/11/2024 21:00,York,Davygate,Sunday,2024,November,278,284,562
18/11/2024 10:00,York,Blake Street,Monday,2024,November,520,1082,1602
18/11/2024 10:00,York,Goodramgate,Monday,2024,November,423,594,1017
18/11/2024 10:00,York,Davygate,Monday,2024,November,718,1066,1784
18/11/2024 11:00,York,Blake Street,Monday,2024,November,877,1065,1942
18/11/2024 11:00,York,Goodramgate,Monday,2024,November,640,833,1473
18/11/2024 11:00,York,Davygate,Monday,2024,November,1238,1474,2712
18/11/2024 12:00,York,Blake Street,Monday,2024,November,1125,1174,2299
18/11/2024 12:00,York,Goodramgate,Monday,2024,November,856,1004,1860
18/11/2024 12:00,York,Davygate,Monday,2024,November,1459,1768,3227
18/11/2024 13:00,York,Blake Street,Monday,2024,November,1153,1172,2325
18/11/2024 13:00,York,Goodramgate,Monday,2024,November,1027,1020,2047
18/11/2024 13:00,York,Davygate,Monday,2024,November,1600,1447,3047
18/11/2024 14:00,York,Blake Street,Monday,2024,November,1076,1001,2077
18/11/2024 14:00,York,Goodramgate,Monday,2024,November,967,955,1922
18/11/2024 14:00,York,Davygate,Monday,2024,November,1305,1224,2529
18/11/2024 15:00,York,Blake Street,Monday,2024,November,894,745,1639
18/11/2024 15:00,York,Goodramgate,Monday,2024,November,885,917,1802
18/11/2024 15:00,York,Davygate,Monday,2024,November,1339,996,2335
18/11/2024 16:00,York,Blake Street,Monday,2024,November,834,639,1473
18/11/2024 16:00,York,Goodramgate,Monday,2024,November,711,671,1382
18/11/2024 16:00,York,Davygate,Monday,2024,November,1287,873,2160
18/11/2024 17:00,York,Blake Street,Monday,2024,November,697,563,1260
18/11/2024 17:00,York,Goodramgate,Monday,2024,November,542,464,1006
18/11/2024 17:00,York,Davygate,Monday,2024,November,1075,709,1784
18/11/2024 18:00,York,Blake Street,Monday,2024,November,700,363,1063
18/11/2024 18:00,York,Goodramgate,Monday,2024,November,453,285,738
18/11/2024 18:00,York,Davygate,Monday,2024,November,979,580,1559
18/11/2024 19:00,York,Blake Street,Monday,2024,November,359,260,619
18/11/2024 19:00,York,Goodramgate,Monday,2024,November,320,169,489
18/11/2024 19:00,York,Davygate,Monday,2024,November,642,392,1034
18/11/2024 20:00,York,Blake Street,Monday,2024,November,225,177,402
18/11/2024 20:00,York,Goodramgate,Monday,2024,November,218,141,359
18/11/2024 20:00,York,Davygate,Monday,2024,November,262,344,606
18/11/2024 21:00,York,Blake Street,Monday,2024,November,150,100,250
18/11/2024 21:00,York,Goodramgate,Monday,2024,November,162,180,342
18/11/2024 21:00,York,Davygate,Monday,2024,November,167,320,487
19/11/2024 10:00,York,Blake Street,Tuesday,2024,November,468,800,1268
19/11/2024 10:00,York,Goodramgate,Tuesday,2024,November,445,626,1071
19/11/2024 10:00,York,Davygate,Tuesday,2024,November,503,592,1095
19/11/2024 11:00,York,Blake Street,Tuesday,2024,November,848,1175,2023
19/11/2024 11:00,York,Goodramgate,Tuesday,2024,November,679,839,1518
19/11/2024 11:00,York,Davygate,Tuesday,2024,November,561,885,1446
19/11/2024 12:00,York,Blake Street,Tuesday,2024,November,851,1168,2019
19/11/2024 12:00,York,Goodramgate,Tuesday,2024,November,947,1042,1989
19/11/2024 12:00,York,Davygate,Tuesday,2024,November,866,967,1833
19/11/2024 13:00,York,Blake Street,Tuesday,2024,November,858,958,1816
19/11/2024 13:00,York,Goodramgate,Tuesday,2024,November,887,924,1811
19/11/2024 13:00,York,Davygate,Tuesday,2024,November,990,1033,2023
19/11/2024 14:00,York,Blake Street,Tuesday,2024,November,855,806,1661
19/11/2024 14:00,York,Goodramgate,Tuesday,2024,November,784,865,1649
19/11/2024 14:00,York,Davygate,Tuesday,2024,November,812,1024,1836
19/11/2024 15:00,York,Blake Street,Tuesday,2024,November,889,708,1597
19/11/2024 15:00,York,Goodramgate,Tuesday,2024,November,746,759,1505
19/11/2024 15:00,York,Davygate,Tuesday,2024,November,961,965,1926
19/11/2024 16:00,York,Blake Street,Tuesday,2024,November,866,629,1495
19/11/2024 16:00,York,Goodramgate,Tuesday,2024,November,610,653,1263
19/11/2024 16:00,York,Davygate,Tuesday,2024,November,988,925,1913
19/11/2024 17:00,York,Blake Street,Tuesday,2024,November,519,468,987
19/11/2024 17:00,York,Goodramgate,Tuesday,2024,November,613,452,1065
19/11/2024 17:00,York,Davygate,Tuesday,2024,November,983,692,1675
19/11/2024 18:00,York,Blake Street,Tuesday,2024,November,311,273,584
19/11/2024 18:00,York,Goodramgate,Tuesday,2024,November,371,270,641
19/11/2024 18:00,York,Davygate,Tuesday,2024,November,935,534,1469
19/11/2024 19:00,York,Blake Street,Tuesday,2024,November,236,196,432
19/11/2024 19:00,York,Goodramgate,Tuesday,2024,November,263,143,406
19/11/2024 19:00,York,Davygate,Tuesday,2024,November,723,319,1042
19/11/2024 20:00,York,Blake Street,Tuesday,2024,November,198,203,401
19/11/2024 20:00,York,Goodramgate,Tuesday,2024,November,210,179,389
19/11/2024 20:00,York,Davygate,Tuesday,2024,November,262,246,508
19/11/2024 21:00,York,Blake Street,Tuesday,2024,November,197,172,369
19/11/2024 21:00,York,Goodramgate,Tuesday,2024,November,95,118,213
19/11/2024 21:00,York,Davygate,Tuesday,2024,November,221,112,333
20/11/2024 10:00,York,Blake Street,Wednesday,2024,November,462,749,1211
20/11/2024 10:00,York,Goodramgate,Wednesday,2024,November,474,512,986
20/11/2024 10:00,York,Davygate,Wednesday,2024,November,366,809,1175
20/11/2024 11:00,York,Blake Street,Wednesday,2024,November,700,1043,1743
20/11/2024 11:00,York,Goodramgate,Wednesday,2024,November,694,383,1077
20/11/2024 11:00,York,Davygate,Wednesday,2024,November,624,1243,1867
20/11/2024 12:00,York,Blake Street,Wednesday,2024,November,1070,1144,2214
20/11/2024 12:00,York,Goodramgate,Wednesday,2024,November,906,806,1712
20/11/2024 12:00,York,Davygate,Wednesday,2024,November,994,1514,2508
20/11/2024 13:00,York,Blake Street,Wednesday,2024,November,1113,1094,2207
20/11/2024 13:00,York,Goodramgate,Wednesday,2024,November,1009,1079,2088
20/11/2024 13:00,York,Davygate,Wednesday,2024,November,1341,1490,2831
20/11/2024 14:00,York,Blake Street,Wednesday,2024,November,1122,1085,2207
20/11/2024 14:00,York,Goodramgate,Wednesday,2024,November,1009,1005,2014
20/11/2024 14:00,York,Davygate,Wednesday,2024,November,1458,1643,3101
20/11/2024 15:00,York,Blake Street,Wednesday,2024,November,1136,891,2027
20/11/2024 15:00,York,Goodramgate,Wednesday,2024,November,1019,951,1970
20/11/2024 15:00,York,Davygate,Wednesday,2024,November,1444,1408,2852
20/11/2024 16:00,York,Blake Street,Wednesday,2024,November,1065,729,1794
20/11/2024 16:00,York,Goodramgate,Wednesday,2024,November,890,667,1557
20/11/2024 16:00,York,Davygate,Wednesday,2024,November,1309,1304,2613
20/11/2024 17:00,York,Blake Street,Wednesday,2024,November,903,662,1565
20/11/2024 17:00,York,Goodramgate,Wednesday,2024,November,645,458,1103
20/11/2024 17:00,York,Davygate,Wednesday,2024,November,1090,1131,2221
20/11/2024 18:00,York,Blake Street,Wednesday,2024,November,629,365,994
20/11/2024 18:00,York,Goodramgate,Wednesday,2024,November,410,371,781
20/11/2024 18:00,York,Davygate,Wednesday,2024,November,1014,700,1714
20/11/2024 19:00,York,Blake Street,Wednesday,2024,November,518,251,769
20/11/2024 19:00,York,Goodramgate,Wednesday,2024,November,404,296,700
20/11/2024 19:00,York,Davygate,Wednesday,2024,November,705,339,1044
20/11/2024 20:00,York,Blake Street,Wednesday,2024,November,292,184,476
20/11/2024 20:00,York,Goodramgate,Wednesday,2024,November,272,252,524
20/11/2024 20:00,York,Davygate,Wednesday,2024,November,278,206,484
20/11/2024 21:00,York,Blake Street,Wednesday,2024,November,279,132,411
20/11/2024 21:00,York,Goodramgate,Wednesday,2024,November,166,108,274
20/11/2024 21:00,York,Davygate,Wednesday,2024,November,211,186,397
21/11/2024 10:00,York,Blake Street,Thursday,2024,November,394,571,965
21/11/2024 10:00,York,Goodramgate,Thursday,2024,November,462,587,1049
21/11/2024 10:00,York,Davygate,Thursday,2024,November,388,854,1242
21/11/2024 11:00,York,Blake Street,Thursday,2024,November,136,1052,1188
21/11/2024 11:00,York,Goodramgate,Thursday,2024,November,743,951,1694
21/11/2024 11:00,York,Davygate,Thursday,2024,November,897,1883,2780
21/11/2024 12:00,York,Blake Street,Thursday,2024,November,729,1179,1908
21/11/2024 12:00,York,Goodramgate,Thursday,2024,November,875,1003,1878
21/11/2024 12:00,York,Davygate,Thursday,2024,November,1442,1777,3219
21/11/2024 13:00,York,Blake Street,Thursday,2024,November,1042,1032,2074
21/11/2024 13:00,York,Goodramgate,Thursday,2024,November,982,996,1978
21/11/2024 13:00,York,Davygate,Thursday,2024,November,1622,1874,3496
21/11/2024 14:00,York,Blake Street,Thursday,2024,November,1085,891,1976
21/11/2024 14:00,York,Goodramgate,Thursday,2024,November,945,988,1933
21/11/2024 14:00,York,Davygate,Thursday,2024,November,1461,1491,2952
21/11/2024 15:00,York,Blake Street,Thursday,2024,November,1102,814,1916
21/11/2024 15:00,York,Goodramgate,Thursday,2024,November,940,856,1796
21/11/2024 15:00,York,Davygate,Thursday,2024,November,1413,297,1710
21/11/2024 16:00,York,Blake Street,Thursday,2024,November,968,774,1742
21/11/2024 16:00,York,Goodramgate,Thursday,2024,November,697,767,1464
21/11/2024 16:00,York,Davygate,Thursday,2024,November,1092,957,2049
21/11/2024 17:00,York,Blake Street,Thursday,2024,November,744,613,1357
21/11/2024 17:00,York,Goodramgate,Thursday,2024,November,670,531,1201
21/11/2024 17:00,York,Davygate,Thursday,2024,November,825,662,1487
21/11/2024 18:00,York,Blake Street,Thursday,2024,November,624,318,942
21/11/2024 18:00,York,Goodramgate,Thursday,2024,November,403,429,832
21/11/2024 18:00,York,Davygate,Thursday,2024,November,597,401,998
21/11/2024 19:00,York,Blake Street,Thursday,2024,November,426,235,661
21/11/2024 19:00,York,Goodramgate,Thursday,2024,November,394,254,648
21/11/2024 19:00,York,Davygate,Thursday,2024,November,382,314,696
21/11/2024 20:00,York,Blake Street,Thursday,2024,November,266,182,448
21/11/2024 20:00,York,Goodramgate,Thursday,2024,November,268,207,475
21/11/2024 20:00,York,Davygate,Thursday,2024,November,294,258,552
21/11/2024 21:00,York,Blake Street,Thursday,2024,November,214,188,402
21/11/2024 21:00,York,Goodramgate,Thursday,2024,November,270,160,430
21/11/2024 21:00,York,Davygate,Thursday,2024,November,224,276,500
22/11/2024 10:00,York,Blake Street,Friday,2024,November,516,928,1444
22/11/2024 10:00,York,Goodramgate,Friday,2024,November,591,921,1512
22/11/2024 10:00,York,Davygate,Friday,2024,November,493,621,1114
22/11/2024 11:00,York,Blake Street,Friday,2024,November,869,1262,2131
22/11/2024 11:00,York,Goodramgate,Friday,2024,November,826,1122,1948
22/11/2024 11:00,York,Davygate,Friday,2024,November,740,1278,2018
22/11/2024 12:00,York,Blake Street,Friday,2024,November,1137,1311,2448
22/11/2024 12:00,York,Goodramgate,Friday,2024,November,1150,1449,2599
22/11/2024 12:00,York,Davygate,Friday,2024,November,1127,1729,2856
22/11/2024 13:00,York,Blake Street,Friday,2024,November,1168,1252,2420
22/11/2024 13:00,York,Goodramgate,Friday,2024,November,1260,1310,2570
22/11/2024 13:00,York,Davygate,Friday,2024,November,1270,1907,3177
22/11/2024 14:00,York,Blake Street,Friday,2024,November,1403,1259,2662
22/11/2024 14:00,York,Goodramgate,Friday,2024,November,1154,1391,2545
22/11/2024 14:00,York,Davygate,Friday,2024,November,1289,1641,2930
22/11/2024 15:00,York,Blake Street,Friday,2024,November,1300,1118,2418
22/11/2024 15:00,York,Goodramgate,Friday,2024,November,1113,1220,2333
22/11/2024 15:00,York,Davygate,Friday,2024,November,1286,1349,2635
22/11/2024 16:00,York,Blake Street,Friday,2024,November,1217,1047,2264
22/11/2024 16:00,York,Goodramgate,Friday,2024,November,954,1077,2031
22/11/2024 16:00,York,Davygate,Friday,2024,November,1227,1487,2714
22/11/2024 17:00,York,Blake Street,Friday,2024,November,1197,963,2160
22/11/2024 17:00,York,Goodramgate,Friday,2024,November,752,784,1536
22/11/2024 17:00,York,Davygate,Friday,2024,November,1062,1252,2314
22/11/2024 18:00,York,Blake Street,Friday,2024,November,852,846,1698
22/11/2024 18:00,York,Goodramgate,Friday,2024,November,625,637,1262
22/11/2024 18:00,York,Davygate,Friday,2024,November,1067,977,2044
22/11/2024 19:00,York,Blake Street,Friday,2024,November,791,597,1388
22/11/2024 19:00,York,Goodramgate,Friday,2024,November,555,467,1022
22/11/2024 19:00,York,Davygate,Friday,2024,November,718,624,1342
22/11/2024 20:00,York,Blake Street,Friday,2024,November,477,437,914
22/11/2024 20:00,York,Goodramgate,Friday,2024,November,439,370,809
22/11/2024 20:00,York,Davygate,Friday,2024,November,332,471,803
22/11/2024 21:00,York,Blake Street,Friday,2024,November,320,288,608
22/11/2024 21:00,York,Goodramgate,Friday,2024,November,435,363,798
22/11/2024 21:00,York,Davygate,Friday,2024,November,253,287,540
23/11/2024 10:00,York,Blake Street,Saturday,2024,November,561,924,1485
23/11/2024 10:00,York,Goodramgate,Saturday,2024,November,453,690,1143
23/11/2024 10:00,York,Davygate,Saturday,2024,November,737,1056,1793
23/11/2024 11:00,York,Blake Street,Saturday,2024,November,872,1412,2284
23/11/2024 11:00,York,Goodramgate,Saturday,2024,November,616,793,1409
23/11/2024 11:00,York,Davygate,Saturday,2024,November,1119,1601,2720
23/11/2024 12:00,York,Blake Street,Saturday,2024,November,1353,1796,3149
23/11/2024 12:00,York,Goodramgate,Saturday,2024,November,1002,1148,2150
23/11/2024 12:00,York,Davygate,Saturday,2024,November,1621,2008,3629
23/11/2024 13:00,York,Blake Street,Saturday,2024,November,1872,1738,3610
23/11/2024 13:00,York,Goodramgate,Saturday,2024,November,1179,1404,2583
23/11/2024 13:00,York,Davygate,Saturday,2024,November,1779,2680,4459
23/11/2024 14:00,York,Blake Street,Saturday,2024,November,1627,1694,3321
23/11/2024 14:00,York,Goodramgate,Saturday,2024,November,1297,1452,2749
23/11/2024 14:00,York,Davygate,Saturday,2024,November,1898,2740,4638
23/11/2024 15:00,York,Blake Street,Saturday,2024,November,1787,1675,3462
23/11/2024 15:00,York,Goodramgate,Saturday,2024,November,1370,1427,2797
23/11/2024 15:00,York,Davygate,Saturday,2024,November,2247,2765,5012
23/11/2024 16:00,York,Blake Street,Saturday,2024,November,1836,1461,3297
23/11/2024 16:00,York,Goodramgate,Saturday,2024,November,1148,1269,2417
23/11/2024 16:00,York,Davygate,Saturday,2024,November,2106,2908,5014
23/11/2024 17:00,York,Blake Street,Saturday,2024,November,1480,1139,2619
23/11/2024 17:00,York,Goodramgate,Saturday,2024,November,1077,985,2062
23/11/2024 17:00,York,Davygate,Saturday,2024,November,2290,2651,4941
23/11/2024 18:00,York,Blake Street,Saturday,2024,November,1123,870,1993
23/11/2024 18:00,York,Goodramgate,Saturday,2024,November,755,730,1485
23/11/2024 18:00,York,Davygate,Saturday,2024,November,2510,1911,4421
23/11/2024 19:00,York,Blake Street,Saturday,2024,November,809,640,1449
23/11/2024 19:00,York,Goodramgate,Saturday,2024,November,713,1728,2441
23/11/2024 19:00,York,Davygate,Saturday,2024,November,1577,1092,2669
23/11/2024 20:00,York,Blake Street,Saturday,2024,November,690,360,1050
23/11/2024 20:00,York,Goodramgate,Saturday,2024,November,468,495,963
23/11/2024 20:00,York,Davygate,Saturday,2024,November,951,641,1592
23/11/2024 21:00,York,Blake Street,Saturday,2024,November,598,295,893
23/11/2024 21:00,York,Goodramgate,Saturday,2024,November,293,395,688
23/11/2024 21:00,York,Davygate,Saturday,2024,November,601,345,946
24/11/2024 10:00,York,Blake Street,Sunday,2024,November,574,754,1328
24/11/2024 10:00,York,Goodramgate,Sunday,2024,November,393,813,1206
24/11/2024 10:00,York,Davygate,Sunday,2024,November,865,1088,1953
24/11/2024 11:00,York,Blake Street,Sunday,2024,November,906,1269,2175
24/11/2024 11:00,York,Goodramgate,Sunday,2024,November,651,1062,1713
24/11/2024 11:00,York,Davygate,Sunday,2024,November,1194,1453,2647
24/11/2024 12:00,York,Blake Street,Sunday,2024,November,1375,1605,2980
24/11/2024 12:00,York,Goodramgate,Sunday,2024,November,1164,1439,2603
24/11/2024 12:00,York,Davygate,Sunday,2024,November,1366,1631,2997
24/11/2024 13:00,York,Blake Street,Sunday,2024,November,1493,1645,3138
24/11/2024 13:00,York,Goodramgate,Sunday,2024,November,1262,1587,2849
24/11/2024 13:00,York,Davygate,Sunday,2024,November,1576,1933,3509
24/11/2024 14:00,York,Blake Street,Sunday,2024,November,1699,1520,3219
24/11/2024 14:00,York,Goodramgate,Sunday,2024,November,1321,1645,2966
24/11/2024 14:00,York,Davygate,Sunday,2024,November,1452,2288,3740
24/11/2024 15:00,York,Blake Street,Sunday,2024,November,1885,1513,3398
24/11/2024 15:00,York,Goodramgate,Sunday,2024,November,1175,1091,2266
24/11/2024 15:00,York,Davygate,Sunday,2024,November,1452,2192,3644
24/11/2024 16:00,York,Blake Street,Sunday,2024,November,1694,1023,2717
24/11/2024 16:00,York,Goodramgate,Sunday,2024,November,985,792,1777
24/11/2024 16:00,York,Davygate,Sunday,2024,November,1443,2060,3503
24/11/2024 17:00,York,Blake Street,Sunday,2024,November,1064,610,1674
24/11/2024 17:00,York,Goodramgate,Sunday,2024,November,753,485,1238
24/11/2024 17:00,York,Davygate,Sunday,2024,November,1210,1879,3089
24/11/2024 18:00,York,Blake Street,Sunday,2024,November,658,363,1021
24/11/2024 18:00,York,Goodramgate,Sunday,2024,November,436,327,763
24/11/2024 18:00,York,Davygate,Sunday,2024,November,907,1114,2021
24/11/2024 19:00,York,Blake Street,Sunday,2024,November,488,187,675
24/11/2024 19:00,York,Goodramgate,Sunday,2024,November,377,286,663
24/11/2024 19:00,York,Davygate,Sunday,2024,November,460,707,1167
24/11/2024 20:00,York,Blake Street,Sunday,2024,November,315,159,474
24/11/2024 20:00,York,Goodramgate,Sunday,2024,November,298,202,500
24/11/2024 20:00,York,Davygate,Sunday,2024,November,357,384,741
24/11/2024 21:00,York,Blake Street,Sunday,2024,November,336,144,480
24/11/2024 21:00,York,Goodramgate,Sunday,2024,November,211,176,387
24/11/2024 21:00,York,Davygate,Sunday,2024,November,365,321,686
14/12/2024 10:00,York,Blake Street,Saturday,2024,December,779,1971,2750
14/12/2024 10:00,York,Goodramgate,Saturday,2024,December,921,1074,1995
14/12/2024 10:00,York,Davygate,Saturday,2024,December,971,2378,3349
14/12/2024 11:00,York,Blake Street,Saturday,2024,December,1692,2918,4610
14/12/2024 11:00,York,Goodramgate,Saturday,2024,December,1462,1762,3224
14/12/2024 11:00,York,Davygate,Saturday,2024,December,1556,4069,5625
14/12/2024 12:00,York,Blake Street,Saturday,2024,December,2581,3398,5979
14/12/2024 12:00,York,Goodramgate,Saturday,2024,December,2025,2064,4089
14/12/2024 12:00,York,Davygate,Saturday,2024,December,2277,4689,6966
14/12/2024 13:00,York,Blake Street,Saturday,2024,December,2442,3573,6015
14/12/2024 13:00,York,Goodramgate,Saturday,2024,December,2004,2033,4037
14/12/2024 13:00,York,Davygate,Saturday,2024,December,2320,4327,6647
14/12/2024 14:00,York,Blake Street,Saturday,2024,December,2674,3219,5893
14/12/2024 14:00,York,Goodramgate,Saturday,2024,December,1743,1987,3730
14/12/2024 14:00,York,Davygate,Saturday,2024,December,2339,4336,6675
14/12/2024 15:00,York,Blake Street,Saturday,2024,December,2353,2940,5293
14/12/2024 15:00,York,Goodramgate,Saturday,2024,December,1779,1951,3730
14/12/2024 15:00,York,Davygate,Saturday,2024,December,2990,3988,6978
14/12/2024 16:00,York,Blake Street,Saturday,2024,December,2298,2649,4947
14/12/2024 16:00,York,Goodramgate,Saturday,2024,December,1516,1700,3216
14/12/2024 16:00,York,Davygate,Saturday,2024,December,3116,3183,6299
14/12/2024 17:00,York,Blake Street,Saturday,2024,December,2320,2724,5044
14/12/2024 17:00,York,Goodramgate,Saturday,2024,December,1280,1254,2534
14/12/2024 17:00,York,Davygate,Saturday,2024,December,3002,2477,5479
14/12/2024 18:00,York,Blake Street,Saturday,2024,December,1435,1918,3353
14/12/2024 18:00,York,Goodramgate,Saturday,2024,December,972,833,1805
14/12/2024 18:00,York,Davygate,Saturday,2024,December,2956,1485,4441
14/12/2024 19:00,York,Blake Street,Saturday,2024,December,996,988,1984
14/12/2024 19:00,York,Goodramgate,Saturday,2024,December,789,553,1342
14/12/2024 19:00,York,Davygate,Saturday,2024,December,1892,824,2716
14/12/2024 20:00,York,Blake Street,Saturday,2024,December,716,320,1036
14/12/2024 20:00,York,Goodramgate,Saturday,2024,December,513,441,954
14/12/2024 20:00,York,Davygate,Saturday,2024,December,838,642,1480
14/12/2024 21:00,York,Blake Street,Saturday,2024,December,353,184,537
14/12/2024 21:00,York,Goodramgate,Saturday,2024,December,431,337,768
14/12/2024 21:00,York,Davygate,Saturday,2024,December,722,611,1333
15/12/2024 10:00,York,Blake Street,Sunday,2024,December,656,1146,1802
15/12/2024 10:00,York,Goodramgate,Sunday,2024,December,466,776,1242
15/12/2024 10:00,York,Davygate,Sunday,2024,December,710,873,1583
15/12/2024 11:00,York,Blake Street,Sunday,2024,December,1263,1388,2651
15/12/2024 11:00,York,Goodramgate,Sunday,2024,December,841,1182,2023
15/12/2024 11:00,York,Davygate,Sunday,2024,December,995,2035,3030
15/12/2024 12:00,York,Blake Street,Sunday,2024,December,1456,1409,2865
15/12/2024 12:00,York,Goodramgate,Sunday,2024,December,1502,1622,3124
15/12/2024 12:00,York,Davygate,Sunday,2024,December,1479,2074,3553
15/12/2024 13:00,York,Blake Street,Sunday,2024,December,1463,1481,2944
15/12/2024 13:00,York,Goodramgate,Sunday,2024,December,1533,1856,3389
15/12/2024 13:00,York,Davygate,Sunday,2024,December,1647,2142,3789
15/12/2024 14:00,York,Blake Street,Sunday,2024,December,1494,1226,2720
15/12/2024 14:00,York,Goodramgate,Sunday,2024,December,1627,1725,3352
15/12/2024 14:00,York,Davygate,Sunday,2024,December,1502,1868,3370
15/12/2024 15:00,York,Blake Street,Sunday,2024,December,1514,1132,2646
15/12/2024 15:00,York,Goodramgate,Sunday,2024,December,1258,1453,2711
15/12/2024 15:00,York,Davygate,Sunday,2024,December,1746,1408,3154
15/12/2024 16:00,York,Blake Street,Sunday,2024,December,1163,938,2101
15/12/2024 16:00,York,Goodramgate,Sunday,2024,December,1045,1068,2113
15/12/2024 16:00,York,Davygate,Sunday,2024,December,1897,1230,3127
15/12/2024 17:00,York,Blake Street,Sunday,2024,December,666,580,1246
15/12/2024 17:00,York,Goodramgate,Sunday,2024,December,852,565,1417
15/12/2024 17:00,York,Davygate,Sunday,2024,December,1663,705,2368
15/12/2024 18:00,York,Blake Street,Sunday,2024,December,613,496,1109
15/12/2024 18:00,York,Goodramgate,Sunday,2024,December,557,347,904
15/12/2024 18:00,York,Davygate,Sunday,2024,December,1147,616,1763
15/12/2024 19:00,York,Blake Street,Sunday,2024,December,661,509,1170
15/12/2024 19:00,York,Goodramgate,Sunday,2024,December,414,304,718
15/12/2024 19:00,York,Davygate,Sunday,2024,December,724,442,1166
15/12/2024 20:00,York,Blake Street,Sunday,2024,December,583,518,1101
15/12/2024 20:00,York,Goodramgate,Sunday,2024,December,229,305,534
15/12/2024 20:00,York,Davygate,Sunday,2024,December,369,357,726
15/12/2024 21:00,York,Blake Street,Sunday,2024,December,389,318,707
15/12/2024 21:00,York,Goodramgate,Sunday,2024,December,136,217,353
15/12/2024 21:00,York,Davygate,Sunday,2024,December,262,307,569
16/12/2024 10:00,York,Blake Street,Monday,2024,December,648,1079,1727
16/12/2024 10:00,York,Goodramgate,Monday,2024,December,578,782,1360
16/12/2024 10:00,York,Davygate,Monday,2024,December,927,1306,2233
16/12/2024 11:00,York,Blake Street,Monday,2024,December,1145,1383,2528
16/12/2024 11:00,York,Goodramgate,Monday,2024,December,903,1160,2063
16/12/2024 11:00,York,Davygate,Monday,2024,December,1263,2103,3366
16/12/2024 12:00,York,Blake Street,Monday,2024,December,1366,1428,2794
16/12/2024 12:00,York,Goodramgate,Monday,2024,December,1293,1179,2472
16/12/2024 12:00,York,Davygate,Monday,2024,December,2024,2220,4244
16/12/2024 13:00,York,Blake Street,Monday,2024,December,1502,1251,2753
16/12/2024 13:00,York,Goodramgate,Monday,2024,December,1167,954,2121
16/12/2024 13:00,York,Davygate,Monday,2024,December,1905,2137,4042
16/12/2024 14:00,York,Blake Street,Monday,2024,December,1468,1060,2528
16/12/2024 14:00,York,Goodramgate,Monday,2024,December,1226,996,2222
16/12/2024 14:00,York,Davygate,Monday,2024,December,1864,2028,3892
16/12/2024 15:00,York,Blake Street,Monday,2024,December,1415,1095,2510
16/12/2024 15:00,York,Goodramgate,Monday,2024,December,999,865,1864
16/12/2024 15:00,York,Davygate,Monday,2024,December,1978,1878,3856
16/12/2024 16:00,York,Blake Street,Monday,2024,December,1209,831,2040
16/12/2024 16:00,York,Goodramgate,Monday,2024,December,848,733,1581
16/12/2024 16:00,York,Davygate,Monday,2024,December,2042,1705,3747
16/12/2024 17:00,York,Blake Street,Monday,2024,December,1103,761,1864
16/12/2024 17:00,York,Goodramgate,Monday,2024,December,744,600,1344
16/12/2024 17:00,York,Davygate,Monday,2024,December,1864,1284,3148
16/12/2024 18:00,York,Blake Street,Monday,2024,December,923,596,1519
16/12/2024 18:00,York,Goodramgate,Monday,2024,December,477,477,954
16/12/2024 18:00,York,Davygate,Monday,2024,December,1235,903,2138
16/12/2024 19:00,York,Blake Street,Monday,2024,December,453,310,763
16/12/2024 19:00,York,Goodramgate,Monday,2024,December,342,358,700
16/12/2024 19:00,York,Davygate,Monday,2024,December,637,394,1031
16/12/2024 20:00,York,Blake Street,Monday,2024,December,354,237,591
16/12/2024 20:00,York,Goodramgate,Monday,2024,December,242,266,508
16/12/2024 20:00,York,Davygate,Monday,2024,December,288,282,570
16/12/2024 21:00,York,Blake Street,Monday,2024,December,292,127,419
16/12/2024 21:00,York,Goodramgate,Monday,2024,December,192,218,410
16/12/2024 21:00,York,Davygate,Monday,2024,December,264,211,475
17/12/2024 10:00,York,Blake Street,Tuesday,2024,December,607,764,1371
17/12/2024 10:00,York,Goodramgate,Tuesday,2024,December,521,715,1236
17/12/2024 10:00,York,Davygate,Tuesday,2024,December,610,912,1522
17/12/2024 11:00,York,Blake Street,Tuesday,2024,December,787,1179,1966
17/12/2024 11:00,York,Goodramgate,Tuesday,2024,December,796,982,1778
17/12/2024 11:00,York,Davygate,Tuesday,2024,December,889,1531,2420
17/12/2024 12:00,York,Blake Street,Tuesday,2024,December,1105,1461,2566
17/12/2024 12:00,York,Goodramgate,Tuesday,2024,December,1123,1252,2375
17/12/2024 12:00,York,Davygate,Tuesday,2024,December,1086,1886,2972
17/12/2024 13:00,York,Blake Street,Tuesday,2024,December,1188,1448,2636
17/12/2024 13:00,York,Goodramgate,Tuesday,2024,December,1136,1308,2444
17/12/2024 13:00,York,Davygate,Tuesday,2024,December,1174,2018,3192
17/12/2024 14:00,York,Blake Street,Tuesday,2024,December,1073,1303,2376
17/12/2024 14:00,York,Goodramgate,Tuesday,2024,December,1095,1162,2257
17/12/2024 14:00,York,Davygate,Tuesday,2024,December,1255,2044,3299
17/12/2024 15:00,York,Blake Street,Tuesday,2024,December,935,1112,2047
17/12/2024 15:00,York,Goodramgate,Tuesday,2024,December,1090,1100,2190
17/12/2024 15:00,York,Davygate,Tuesday,2024,December,1181,2241,3422
17/12/2024 16:00,York,Blake Street,Tuesday,2024,December,960,1083,2043
17/12/2024 16:00,York,Goodramgate,Tuesday,2024,December,841,913,1754
17/12/2024 16:00,York,Davygate,Tuesday,2024,December,1208,2045,3253
17/12/2024 17:00,York,Blake Street,Tuesday,2024,December,850,887,1737
17/12/2024 17:00,York,Goodramgate,Tuesday,2024,December,649,659,1308
17/12/2024 17:00,York,Davygate,Tuesday,2024,December,1170,1173,2343
17/12/2024 18:00,York,Blake Street,Tuesday,2024,December,551,469,1020
17/12/2024 18:00,York,Goodramgate,Tuesday,2024,December,546,364,910
17/12/2024 18:00,York,Davygate,Tuesday,2024,December,883,759,1642
17/12/2024 19:00,York,Blake Street,Tuesday,2024,December,406,299,705
17/12/2024 19:00,York,Goodramgate,Tuesday,2024,December,333,280,613
17/12/2024 19:00,York,Davygate,Tuesday,2024,December,647,338,985
17/12/2024 20:00,York,Blake Street,Tuesday,2024,December,299,262,561
17/12/2024 20:00,York,Goodramgate,Tuesday,2024,December,236,189,425
17/12/2024 20:00,York,Davygate,Tuesday,2024,December,289,274,563
17/12/2024 21:00,York,Blake Street,Tuesday,2024,December,215,230,445
17/12/2024 21:00,York,Goodramgate,Tuesday,2024,December,199,149,348
17/12/2024 21:00,York,Davygate,Tuesday,2024,December,221,112,333
18/12/2024 10:00,York,Blake Street,Wednesday,2024,December,649,725,1374
18/12/2024 10:00,York,Goodramgate,Wednesday,2024,December,617,1077,1694
18/12/2024 10:00,York,Davygate,Wednesday,2024,December,492,952,1444
18/12/2024 11:00,York,Blake Street,Wednesday,2024,December,915,1126,2041
18/12/2024 11:00,York,Goodramgate,Wednesday,2024,December,941,1359,2300
18/12/2024 11:00,York,Davygate,Wednesday,2024,December,772,1676,2448
18/12/2024 12:00,York,Blake Street,Wednesday,2024,December,1425,1428,2853
18/12/2024 12:00,York,Goodramgate,Wednesday,2024,December,1198,1454,2652
18/12/2024 12:00,York,Davygate,Wednesday,2024,December,1339,2227,3566
18/12/2024 13:00,York,Blake Street,Wednesday,2024,December,1452,1305,2757
18/12/2024 13:00,York,Goodramgate,Wednesday,2024,December,1411,1461,2872
18/12/2024 13:00,York,Davygate,Wednesday,2024,December,1436,2129,3565
18/12/2024 14:00,York,Blake Street,Wednesday,2024,December,1348,1157,2505
18/12/2024 14:00,York,Goodramgate,Wednesday,2024,December,1201,1449,2650
18/12/2024 14:00,York,Davygate,Wednesday,2024,December,1433,1970,3403
18/12/2024 15:00,York,Blake Street,Wednesday,2024,December,1187,1065,2252
18/12/2024 15:00,York,Goodramgate,Wednesday,2024,December,1079,1510,2589
18/12/2024 15:00,York,Davygate,Wednesday,2024,December,1519,1716,3235
18/12/2024 16:00,York,Blake Street,Wednesday,2024,December,1177,1017,2194
18/12/2024 16:00,York,Goodramgate,Wednesday,2024,December,976,1396,2372
18/12/2024 16:00,York,Davygate,Wednesday,2024,December,1454,1382,2836
18/12/2024 17:00,York,Blake Street,Wednesday,2024,December,1036,1020,2056
18/12/2024 17:00,York,Goodramgate,Wednesday,2024,December,776,922,1698
18/12/2024 17:00,York,Davygate,Wednesday,2024,December,1278,1091,2369
18/12/2024 18:00,York,Blake Street,Wednesday,2024,December,711,395,1106
18/12/2024 18:00,York,Goodramgate,Wednesday,2024,December,597,537,1134
18/12/2024 18:00,York,Davygate,Wednesday,2024,December,1402,887,2289
18/12/2024 19:00,York,Blake Street,Wednesday,2024,December,418,355,773
18/12/2024 19:00,York,Goodramgate,Wednesday,2024,December,448,391,839
18/12/2024 19:00,York,Davygate,Wednesday,2024,December,884,497,1381
18/12/2024 20:00,York,Blake Street,Wednesday,2024,December,244,316,560
18/12/2024 20:00,York,Goodramgate,Wednesday,2024,December,290,270,560
18/12/2024 20:00,York,Davygate,Wednesday,2024,December,178,210,388
18/12/2024 21:00,York,Blake Street,Wednesday,2024,December,236,221,457
18/12/2024 21:00,York,Goodramgate,Wednesday,2024,December,185,247,432
18/12/2024 21:00,York,Davygate,Wednesday,2024,December,128,179,307
19/12/2024 10:00,York,Blake Street,Thursday,2024,December,713,924,1637
19/12/2024 10:00,York,Goodramgate,Thursday,2024,December,537,719,1256
19/12/2024 10:00,York,Davygate,Thursday,2024,December,764,977,1741
19/12/2024 11:00,York,Blake Street,Thursday,2024,December,1069,1390,2459
19/12/2024 11:00,York,Goodramgate,Thursday,2024,December,608,887,1495
19/12/2024 11:00,York,Davygate,Thursday,2024,December,1011,1906,2917
19/12/2024 12:00,York,Blake Street,Thursday,2024,December,1137,1325,2462
19/12/2024 12:00,York,Goodramgate,Thursday,2024,December,625,802,1427
19/12/2024 12:00,York,Davygate,Thursday,2024,December,1265,2132,3397
19/12/2024 13:00,York,Blake Street,Thursday,2024,December,1297,1338,2635
19/12/2024 13:00,York,Goodramgate,Thursday,2024,December,890,711,1601
19/12/2024 13:00,York,Davygate,Thursday,2024,December,1486,2126,3612
19/12/2024 14:00,York,Blake Street,Thursday,2024,December,1163,1092,2255
19/12/2024 14:00,York,Goodramgate,Thursday,2024,December,928,811,1739
19/12/2024 14:00,York,Davygate,Thursday,2024,December,1513,1844,3357
19/12/2024 15:00,York,Blake Street,Thursday,2024,December,1108,1067,2175
19/12/2024 15:00,York,Goodramgate,Thursday,2024,December,910,800,1710
19/12/2024 15:00,York,Davygate,Thursday,2024,December,1506,1855,3361
19/12/2024 16:00,York,Blake Street,Thursday,2024,December,998,1070,2068
19/12/2024 16:00,York,Goodramgate,Thursday,2024,December,693,842,1535
19/12/2024 16:00,York,Davygate,Thursday,2024,December,1528,1691,3219
19/12/2024 17:00,York,Blake Street,Thursday,2024,December,1046,962,2008
19/12/2024 17:00,York,Goodramgate,Thursday,2024,December,686,727,1413
19/12/2024 17:00,York,Davygate,Thursday,2024,December,1429,1478,2907
19/12/2024 18:00,York,Blake Street,Thursday,2024,December,629,606,1235
19/12/2024 18:00,York,Goodramgate,Thursday,2024,December,609,676,1285
19/12/2024 18:00,York,Davygate,Thursday,2024,December,1123,959,2082
19/12/2024 19:00,York,Blake Street,Thursday,2024,December,428,330,758
19/12/2024 19:00,York,Goodramgate,Thursday,2024,December,436,411,847
19/12/2024 19:00,York,Davygate,Thursday,2024,December,1019,569,1588
19/12/2024 20:00,York,Blake Street,Thursday,2024,December,235,239,474
19/12/2024 20:00,York,Goodramgate,Thursday,2024,December,297,263,560
19/12/2024 20:00,York,Davygate,Thursday,2024,December,349,322,671
19/12/2024 21:00,York,Blake Street,Thursday,2024,December,188,183,371
19/12/2024 21:00,York,Goodramgate,Thursday,2024,December,142,133,275
19/12/2024 21:00,York,Davygate,Thursday,2024,December,291,256,547
20/12/2024 10:00,York,Blake Street,Friday,2024,December,573,1019,1592
20/12/2024 10:00,York,Goodramgate,Friday,2024,December,588,713,1301
20/12/2024 10:00,York,Davygate,Friday,2024,December,788,941,1729
20/12/2024 11:00,York,Blake Street,Friday,2024,December,1004,1447,2451
20/12/2024 11:00,York,Goodramgate,Friday,2024,December,717,995,1712
20/12/2024 11:00,York,Davygate,Friday,2024,December,1495,1748,3243
20/12/2024 12:00,York,Blake Street,Friday,2024,December,1483,1626,3109
20/12/2024 12:00,York,Goodramgate,Friday,2024,December,871,999,1870
20/12/2024 12:00,York,Davygate,Friday,2024,December,1627,2365,3992
20/12/2024 13:00,York,Blake Street,Friday,2024,December,1697,1643,3340
20/12/2024 13:00,York,Goodramgate,Friday,2024,December,1067,1203,2270
20/12/2024 13:00,York,Davygate,Friday,2024,December,1770,2641,4411
20/12/2024 14:00,York,Blake Street,Friday,2024,December,1634,1557,3191
20/12/2024 14:00,York,Goodramgate,Friday,2024,December,1044,801,1845
20/12/2024 14:00,York,Davygate,Friday,2024,December,1754,2694,4448
20/12/2024 15:00,York,Blake Street,Friday,2024,December,1791,1460,3251
20/12/2024 15:00,York,Goodramgate,Friday,2024,December,981,689,1670
20/12/2024 15:00,York,Davygate,Friday,2024,December,1688,2568,4256
20/12/2024 16:00,York,Blake Street,Friday,2024,December,1678,1448,3126
20/12/2024 16:00,York,Goodramgate,Friday,2024,December,874,663,1537
20/12/2024 16:00,York,Davygate,Friday,2024,December,1613,2008,3621
20/12/2024 17:00,York,Blake Street,Friday,2024,December,1199,1083,2282
20/12/2024 17:00,York,Goodramgate,Friday,2024,December,550,652,1202
20/12/2024 17:00,York,Davygate,Friday,2024,December,1558,1729,3287
20/12/2024 18:00,York,Blake Street,Friday,2024,December,891,681,1572
20/12/2024 18:00,York,Goodramgate,Friday,2024,December,577,551,1128
20/12/2024 18:00,York,Davygate,Friday,2024,December,1576,1078,2654
20/12/2024 19:00,York,Blake Street,Friday,2024,December,724,367,1091
20/12/2024 19:00,York,Goodramgate,Friday,2024,December,285,259,544
20/12/2024 19:00,York,Davygate,Friday,2024,December,1262,559,1821
20/12/2024 20:00,York,Blake Street,Friday,2024,December,459,267,726
20/12/2024 20:00,York,Goodramgate,Friday,2024,December,0,0,0
20/12/2024 20:00,York,Davygate,Friday,2024,December,785,394,1179
20/12/2024 21:00,York,Blake Street,Friday,2024,December,397,234,631
20/12/2024 21:00,York,Goodramgate,Friday,2024,December,0,0,0
20/12/2024 21:00,York,Davygate,Friday,2024,December,441,372,813
21/12/2024 10:00,York,Blake Street,Saturday,2024,December,751,1053,1804
21/12/2024 10:00,York,Goodramgate,Saturday,2024,December,800,1297,2097
21/12/2024 10:00,York,Davygate,Saturday,2024,December,973,1684,2657
21/12/2024 11:00,York,Blake Street,Saturday,2024,December,1084,1541,2625
21/12/2024 11:00,York,Goodramgate,Saturday,2024,December,1288,1487,2775
21/12/2024 11:00,York,Davygate,Saturday,2024,December,1666,2420,4086
21/12/2024 12:00,York,Blake Street,Saturday,2024,December,1315,1907,3222
21/12/2024 12:00,York,Goodramgate,Saturday,2024,December,1539,1786,3325
21/12/2024 12:00,York,Davygate,Saturday,2024,December,2057,3247,5304
21/12/2024 13:00,York,Blake Street,Saturday,2024,December,1752,1859,3611
21/12/2024 13:00,York,Goodramgate,Saturday,2024,December,1363,1778,3141
21/12/2024 13:00,York,Davygate,Saturday,2024,December,2226,3413,5639
21/12/2024 14:00,York,Blake Street,Saturday,2024,December,1831,1572,3403
21/12/2024 14:00,York,Goodramgate,Saturday,2024,December,1486,1938,3424
21/12/2024 14:00,York,Davygate,Saturday,2024,December,2680,3121,5801
21/12/2024 15:00,York,Blake Street,Saturday,2024,December,1751,1521,3272
21/12/2024 15:00,York,Goodramgate,Saturday,2024,December,1638,1814,3452
21/12/2024 15:00,York,Davygate,Saturday,2024,December,3171,3145,6316
21/12/2024 16:00,York,Blake Street,Saturday,2024,December,1397,1131,2528
21/12/2024 16:00,York,Goodramgate,Saturday,2024,December,1437,1491,2928
21/12/2024 16:00,York,Davygate,Saturday,2024,December,2595,2692,5287
21/12/2024 17:00,York,Blake Street,Saturday,2024,December,1262,1104,2366
21/12/2024 17:00,York,Goodramgate,Saturday,2024,December,1220,1144,2364
21/12/2024 17:00,York,Davygate,Saturday,2024,December,2506,1991,4497
21/12/2024 18:00,York,Blake Street,Saturday,2024,December,991,937,1928
21/12/2024 18:00,York,Goodramgate,Saturday,2024,December,1532,807,2339
21/12/2024 18:00,York,Davygate,Saturday,2024,December,2327,1086,3413
21/12/2024 19:00,York,Blake Street,Saturday,2024,December,584,419,1003
21/12/2024 19:00,York,Goodramgate,Saturday,2024,December,1143,446,1589
21/12/2024 19:00,York,Davygate,Saturday,2024,December,1779,811,2590
21/12/2024 20:00,York,Blake Street,Saturday,2024,December,401,371,772
21/12/2024 20:00,York,Goodramgate,Saturday,2024,December,563,343,906
21/12/2024 20:00,York,Davygate,Saturday,2024,December,1022,560,1582
21/12/2024 21:00,York,Blake Street,Saturday,2024,December,402,369,771
21/12/2024 21:00,York,Goodramgate,Saturday,2024,December,266,349,615
21/12/2024 21:00,York,Davygate,Saturday,2024,December,722,411,1133
22/12/2024 10:00,York,Blake Street,Sunday,2024,December,659,1128,1787
22/12/2024 10:00,York,Goodramgate,Sunday,2024,December,612,985,1597
22/12/2024 10:00,York,Davygate,Sunday,2024,December,615,913,1528
22/12/2024 11:00,York,Blake Street,Sunday,2024,December,1081,1620,2701
22/12/2024 11:00,York,Goodramgate,Sunday,2024,December,743,1423,2166
22/12/2024 11:00,York,Davygate,Sunday,2024,December,1253,2222,3475
22/12/2024 12:00,York,Blake Street,Sunday,2024,December,1423,1693,3116
22/12/2024 12:00,York,Goodramgate,Sunday,2024,December,1310,1529,2839
22/12/2024 12:00,York,Davygate,Sunday,2024,December,2058,2519,4577
22/12/2024 13:00,York,Blake Street,Sunday,2024,December,1683,1507,3190
22/12/2024 13:00,York,Goodramgate,Sunday,2024,December,1542,1456,2998
22/12/2024 13:00,York,Davygate,Sunday,2024,December,2493,3142,5635
22/12/2024 14:00,York,Blake Street,Sunday,2024,December,1787,1725,3512
22/12/2024 14:00,York,Goodramgate,Sunday,2024,December,1640,1423,3063
22/12/2024 14:00,York,Davygate,Sunday,2024,December,2883,3278,6161
22/12/2024 15:00,York,Blake Street,Sunday,2024,December,1663,1431,3094
22/12/2024 15:00,York,Goodramgate,Sunday,2024,December,1476,1498,2974
22/12/2024 15:00,York,Davygate,Sunday,2024,December,2550,3089,5639
22/12/2024 16:00,York,Blake Street,Sunday,2024,December,1220,982,2202
22/12/2024 16:00,York,Goodramgate,Sunday,2024,December,1333,1221,2554
22/12/2024 16:00,York,Davygate,Sunday,2024,December,2236,2080,4316
22/12/2024 17:00,York,Blake Street,Sunday,2024,December,937,674,1611
22/12/2024 17:00,York,Goodramgate,Sunday,2024,December,862,574,1436
22/12/2024 17:00,York,Davygate,Sunday,2024,December,1762,1181,2943
22/12/2024 18:00,York,Blake Street,Sunday,2024,December,608,461,1069
22/12/2024 18:00,York,Goodramgate,Sunday,2024,December,495,519,1014
22/12/2024 18:00,York,Davygate,Sunday,2024,December,910,703,1613
22/12/2024 19:00,York,Blake Street,Sunday,2024,December,419,251,670
22/12/2024 19:00,York,Goodramgate,Sunday,2024,December,371,420,791
22/12/2024 19:00,York,Davygate,Sunday,2024,December,598,451,1049
22/12/2024 20:00,York,Blake Street,Sunday,2024,December,307,370,677
22/12/2024 20:00,York,Goodramgate,Sunday,2024,December,270,253,523
22/12/2024 20:00,York,Davygate,Sunday,2024,December,300,329,629
22/12/2024 21:00,York,Blake Street,Sunday,2024,December,325,323,648
22/12/2024 21:00,York,Goodramgate,Sunday,2024,December,253,215,468
22/12/2024 21:00,York,Davygate,Sunday,2024,December,218,267,485
